corner_id,corner,temp_c,vdd_v,freq_hz,best_nx,best_vce_set_v,eligible_jc_min,eligible_jc_max,eligible_jc_decades,opt_jc_ma_um2,opt_vbe_v,opt_ic_a,opt_nfmin_db_t290,opt_nfmin_db_t300.15,opt_tmin_k,opt_ropt_ohm,opt_xopt_ohm,opt_rn_ohm,opt_nf50_db_t290,opt_gmax_db,opt_gmax_kind,opt_k,opt_delta_mag,opt_ft_hz,opt_pdc_mw,opt_dtj_k,opt_constrained_by,ftpk_jc_ma_um2,ftpk_ft_hz,ftpk_at_inbox_edge,opt_over_ftpk_jc,row3_margin_db
hbt_typ_-40c_2.25v,hbt_typ,-40.0,2.25,17700000000.0,1,1.4,0.21384966641269834,30.64345796507936,2.1562291946134753,3.231691261904761,0.87,0.0002035965495,0.4125468512228824,0.3992176786330865,28.89865167555347,1514.360878981003,1809.9698367621609,178.40155377986133,6.601332325241861,15.647683712296967,MSG,0.1191889929180782,0.9953692856939829,234815112642.42062,0.285138014188398,3.236688999,,30.64345796507936,491584171205.63293,upper,0.10546105030272786,2.0874531487771177
hbt_typ_-40c_2.25v,hbt_typ,-40.0,2.25,19450000000.0,1,1.4,0.21384966641269834,30.64345796507936,2.1562291946134753,3.231691261904761,0.87,0.0002035965495,0.44373111159130596,0.4294433531316428,31.19672544458536,1373.6701765988228,1671.825263315915,178.34166375609837,6.60076193461196,15.238984529538115,MSG,0.13078126200340723,0.9945596332152085,234815112642.42062,0.285138014188398,3.236688999,,30.64345796507936,491584171205.63293,upper,0.10546105030272786,2.056268888408694
hbt_typ_-40c_2.25v,hbt_typ,-40.0,2.25,21200000000.0,1,1.4,0.21384966641269834,30.64345796507936,2.1562291946134753,3.231691261904761,0.87,0.0002035965495,0.47526833650963085,0.4600179044535173,33.53765361906567,1256.8784852311737,1551.5446645902655,178.27537867929925,6.600122883148534,14.86565885656683,MSG,0.14237716651260748,0.9936815018630816,234815112642.42062,0.285138014188398,3.236688999,,30.64345796507936,491584171205.63293,upper,0.10546105030272786,2.0247316634903694
hbt_typ_-40c_2.50v,hbt_typ,-40.0,2.5,17700000000.0,1,1.4,0.21384966641269834,30.64345796507936,2.1562291946134753,3.231691261904761,0.87,0.0002035965495,0.4125468512228824,0.3992176786330865,28.89865167555347,1514.360878981003,1809.9698367621609,178.40155377986133,6.601332325241861,15.647683712296967,MSG,0.1191889929180782,0.9953692856939829,234815112642.42062,0.285138014188398,3.236688999,,30.64345796507936,491584171205.63293,upper,0.10546105030272786,2.0874531487771177
hbt_typ_-40c_2.50v,hbt_typ,-40.0,2.5,19450000000.0,1,1.4,0.21384966641269834,30.64345796507936,2.1562291946134753,3.231691261904761,0.87,0.0002035965495,0.44373111159130596,0.4294433531316428,31.19672544458536,1373.6701765988228,1671.825263315915,178.34166375609837,6.60076193461196,15.238984529538115,MSG,0.13078126200340723,0.9945596332152085,234815112642.42062,0.285138014188398,3.236688999,,30.64345796507936,491584171205.63293,upper,0.10546105030272786,2.056268888408694
hbt_typ_-40c_2.50v,hbt_typ,-40.0,2.5,21200000000.0,1,1.4,0.21384966641269834,30.64345796507936,2.1562291946134753,3.231691261904761,0.87,0.0002035965495,0.47526833650963085,0.4600179044535173,33.53765361906567,1256.8784852311737,1551.5446645902655,178.27537867929925,6.600122883148534,14.86565885656683,MSG,0.14237716651260748,0.9936815018630816,234815112642.42062,0.285138014188398,3.236688999,,30.64345796507936,491584171205.63293,upper,0.10546105030272786,2.0247316634903694
hbt_typ_-40c_2.75v,hbt_typ,-40.0,2.75,17700000000.0,1,1.4,0.21384966641269834,30.64345796507936,2.1562291946134753,3.231691261904761,0.87,0.0002035965495,0.4125468512228824,0.3992176786330865,28.89865167555347,1514.360878981003,1809.9698367621609,178.40155377986133,6.601332325241861,15.647683712296967,MSG,0.1191889929180782,0.9953692856939829,234815112642.42062,0.285138014188398,3.236688999,,30.64345796507936,491584171205.63293,upper,0.10546105030272786,2.0874531487771177
hbt_typ_-40c_2.75v,hbt_typ,-40.0,2.75,19450000000.0,1,1.4,0.21384966641269834,30.64345796507936,2.1562291946134753,3.231691261904761,0.87,0.0002035965495,0.44373111159130596,0.4294433531316428,31.19672544458536,1373.6701765988228,1671.825263315915,178.34166375609837,6.60076193461196,15.238984529538115,MSG,0.13078126200340723,0.9945596332152085,234815112642.42062,0.285138014188398,3.236688999,,30.64345796507936,491584171205.63293,upper,0.10546105030272786,2.056268888408694
hbt_typ_-40c_2.75v,hbt_typ,-40.0,2.75,21200000000.0,1,1.4,0.21384966641269834,30.64345796507936,2.1562291946134753,3.231691261904761,0.87,0.0002035965495,0.47526833650963085,0.4600179044535173,33.53765361906567,1256.8784852311737,1551.5446645902655,178.27537867929925,6.600122883148534,14.86565885656683,MSG,0.14237716651260748,0.9936815018630816,234815112642.42062,0.285138014188398,3.236688999,,30.64345796507936,491584171205.63293,upper,0.10546105030272786,2.0247316634903694
hbt_typ_27c_2.25v,hbt_typ,27.0,2.25,17700000000.0,1,1.4,0.2637654551587301,43.10841455555555,2.2133441343899625,3.145604993809523,0.81,0.00019817311461,0.5941178406169518,0.575299836771525,42.51388256821115,1397.0992500179593,1699.8539843131334,244.8899354722031,7.712655162130298,14.709119685061523,MSG,0.1334951659089065,0.9949108019360409,183608124767.86893,0.2776205532377343,3.1516362728,,38.332571703174594,426056741964.1896,,0.08206089114414969,1.9058821593830482
hbt_typ_27c_2.25v,hbt_typ,27.0,2.25,19450000000.0,1,1.4,0.2637654551587301,43.10841455555555,2.2133441343899625,3.145604993809523,0.81,0.00019817311461,0.6361043391806932,0.6160484750564841,45.74413264401824,1266.0781447523452,1573.7727364945981,244.78024422036108,7.711791504974396,14.300867847986265,MSG,0.146385344917112,0.9940642877443537,183608124767.86893,0.2776205532377343,3.1516362728,,38.332571703174594,426056741964.1896,,0.08206089114414969,1.8638956608193067
hbt_typ_27c_2.25v,hbt_typ,27.0,2.25,21200000000.0,1,1.4,0.2637654551587301,43.10841455555555,2.2133441343899625,3.145604993809523,0.81,0.00019817311461,0.6786142902684513,0.6573169117397779,49.046626034339276,1157.4524406765704,1463.2101059444005,244.65872063128288,7.710823297466671,13.928031107976253,MSG,0.15928506678514806,0.9931462598049563,183608124767.86893,0.2776205532377343,3.1516362728,,38.332571703174594,426056741964.1896,,0.08206089114414969,1.8213857097315487
hbt_typ_27c_2.50v,hbt_typ,27.0,2.5,17700000000.0,1,1.4,0.2637654551587301,43.10841455555555,2.2133441343899625,3.145604993809523,0.81,0.00019817311461,0.5941178406169518,0.575299836771525,42.51388256821115,1397.0992500179593,1699.8539843131334,244.8899354722031,7.712655162130298,14.709119685061523,MSG,0.1334951659089065,0.9949108019360409,183608124767.86893,0.2776205532377343,3.1516362728,,38.332571703174594,426056741964.1896,,0.08206089114414969,1.9058821593830482
hbt_typ_27c_2.50v,hbt_typ,27.0,2.5,19450000000.0,1,1.4,0.2637654551587301,43.10841455555555,2.2133441343899625,3.145604993809523,0.81,0.00019817311461,0.6361043391806932,0.6160484750564841,45.74413264401824,1266.0781447523452,1573.7727364945981,244.78024422036108,7.711791504974396,14.300867847986265,MSG,0.146385344917112,0.9940642877443537,183608124767.86893,0.2776205532377343,3.1516362728,,38.332571703174594,426056741964.1896,,0.08206089114414969,1.8638956608193067
hbt_typ_27c_2.50v,hbt_typ,27.0,2.5,21200000000.0,1,1.4,0.2637654551587301,43.10841455555555,2.2133441343899625,3.145604993809523,0.81,0.00019817311461,0.6786142902684513,0.6573169117397779,49.046626034339276,1157.4524406765704,1463.2101059444005,244.65872063128288,7.710823297466671,13.928031107976253,MSG,0.15928506678514806,0.9931462598049563,183608124767.86893,0.2776205532377343,3.1516362728,,38.332571703174594,426056741964.1896,,0.08206089114414969,1.8213857097315487
hbt_typ_27c_2.75v,hbt_typ,27.0,2.75,17700000000.0,1,1.4,0.2637654551587301,43.10841455555555,2.2133441343899625,3.145604993809523,0.81,0.00019817311461,0.5941178406169518,0.575299836771525,42.51388256821115,1397.0992500179593,1699.8539843131334,244.8899354722031,7.712655162130298,14.709119685061523,MSG,0.1334951659089065,0.9949108019360409,183608124767.86893,0.2776205532377343,3.1516362728,,38.332571703174594,426056741964.1896,,0.08206089114414969,1.9058821593830482
hbt_typ_27c_2.75v,hbt_typ,27.0,2.75,19450000000.0,1,1.4,0.2637654551587301,43.10841455555555,2.2133441343899625,3.145604993809523,0.81,0.00019817311461,0.6361043391806932,0.6160484750564841,45.74413264401824,1266.0781447523452,1573.7727364945981,244.78024422036108,7.711791504974396,14.300867847986265,MSG,0.146385344917112,0.9940642877443537,183608124767.86893,0.2776205532377343,3.1516362728,,38.332571703174594,426056741964.1896,,0.08206089114414969,1.8638956608193067
hbt_typ_27c_2.75v,hbt_typ,27.0,2.75,21200000000.0,1,1.4,0.2637654551587301,43.10841455555555,2.2133441343899625,3.145604993809523,0.81,0.00019817311461,0.6786142902684513,0.6573169117397779,49.046626034339276,1157.4524406765704,1463.2101059444005,244.65872063128288,7.710823297466671,13.928031107976253,MSG,0.15928506678514806,0.9931462598049563,183608124767.86893,0.2776205532377343,3.1516362728,,38.332571703174594,426056741964.1896,,0.08206089114414969,1.8213857097315487
hbt_typ_125c_2.25v,hbt_typ,125.0,2.25,17700000000.0,1,1.4,0.5612306172539682,43.966650392063485,1.8939820246591603,3.5144932598412693,0.72,0.00022141307537,0.8857418338565058,0.8585612667841657,65.60853934889215,1309.5227741345989,1586.3266074461665,347.69399413122915,9.014070017052365,14.019432463595123,MSG,0.1525336223449253,0.9940329133942998,152207818734.00778,0.3102660816417472,3.5220957572,,39.52381708253967,354597184938.4058,,0.08892089679753774,1.614258166143494
hbt_typ_125c_2.25v,hbt_typ,125.0,2.25,19450000000.0,1,1.4,0.5612306172539682,43.966650392063485,1.8939820246591603,3.5144932598412693,0.72,0.00022141307537,0.9433130904079605,0.9145451420346794,70.3539666141025,1186.0004183609467,1473.0521363536482,347.5066484621689,9.013037070116754,13.61163669592382,MSG,0.16688003166197016,0.9930969124523379,152207818734.00778,0.3102660816417472,3.5220957572,,39.52381708253967,354597184938.4058,,0.08892089679753774,1.5566869095920395
hbt_typ_125c_2.25v,hbt_typ,125.0,2.25,21200000000.0,1,1.4,0.5612306172539682,43.966650392063485,1.8939820246591603,3.5144932598412693,0.72,0.00022141307537,1.0016416466355929,0.9712861731013347,75.22640004467728,1083.6032479195403,1372.7876144754925,347.29884980086456,9.011874315738655,13.239297101202222,MSG,0.18126545344811557,0.9920819632858725,152207818734.00778,0.3102660816417472,3.5220957572,,39.52381708253967,354597184938.4058,,0.08892089679753774,1.4983583533644071
hbt_typ_125c_2.50v,hbt_typ,125.0,2.5,17700000000.0,1,1.4,0.5612306172539682,43.966650392063485,1.8939820246591603,3.5144932598412693,0.72,0.00022141307537,0.8857418338565058,0.8585612667841657,65.60853934889215,1309.5227741345989,1586.3266074461665,347.69399413122915,9.014070017052365,14.019432463595123,MSG,0.1525336223449253,0.9940329133942998,152207818734.00778,0.3102660816417472,3.5220957572,,39.52381708253967,354597184938.4058,,0.08892089679753774,1.614258166143494
hbt_typ_125c_2.50v,hbt_typ,125.0,2.5,19450000000.0,1,1.4,0.5612306172539682,43.966650392063485,1.8939820246591603,3.5144932598412693,0.72,0.00022141307537,0.9433130904079605,0.9145451420346794,70.3539666141025,1186.0004183609467,1473.0521363536482,347.5066484621689,9.013037070116754,13.61163669592382,MSG,0.16688003166197016,0.9930969124523379,152207818734.00778,0.3102660816417472,3.5220957572,,39.52381708253967,354597184938.4058,,0.08892089679753774,1.5566869095920395
hbt_typ_125c_2.50v,hbt_typ,125.0,2.5,21200000000.0,1,1.4,0.5612306172539682,43.966650392063485,1.8939820246591603,3.5144932598412693,0.72,0.00022141307537,1.0016416466355929,0.9712861731013347,75.22640004467728,1083.6032479195403,1372.7876144754925,347.29884980086456,9.011874315738655,13.239297101202222,MSG,0.18126545344811557,0.9920819632858725,152207818734.00778,0.3102660816417472,3.5220957572,,39.52381708253967,354597184938.4058,,0.08892089679753774,1.4983583533644071
hbt_typ_125c_2.75v,hbt_typ,125.0,2.75,17700000000.0,1,1.4,0.5612306172539682,43.966650392063485,1.8939820246591603,3.5144932598412693,0.72,0.00022141307537,0.8857418338565058,0.8585612667841657,65.60853934889215,1309.5227741345989,1586.3266074461665,347.69399413122915,9.014070017052365,14.019432463595123,MSG,0.1525336223449253,0.9940329133942998,152207818734.00778,0.3102660816417472,3.5220957572,,39.52381708253967,354597184938.4058,,0.08892089679753774,1.614258166143494
hbt_typ_125c_2.75v,hbt_typ,125.0,2.75,19450000000.0,1,1.4,0.5612306172539682,43.966650392063485,1.8939820246591603,3.5144932598412693,0.72,0.00022141307537,0.9433130904079605,0.9145451420346794,70.3539666141025,1186.0004183609467,1473.0521363536482,347.5066484621689,9.013037070116754,13.61163669592382,MSG,0.16688003166197016,0.9930969124523379,152207818734.00778,0.3102660816417472,3.5220957572,,39.52381708253967,354597184938.4058,,0.08892089679753774,1.5566869095920395
hbt_typ_125c_2.75v,hbt_typ,125.0,2.75,21200000000.0,1,1.4,0.5612306172539682,43.966650392063485,1.8939820246591603,3.5144932598412693,0.72,0.00022141307537,1.0016416466355929,0.9712861731013347,75.22640004467728,1083.6032479195403,1372.7876144754925,347.29884980086456,9.011874315738655,13.239297101202222,MSG,0.18126545344811557,0.9920819632858725,152207818734.00778,0.3102660816417472,3.5220957572,,39.52381708253967,354597184938.4058,,0.08892089679753774,1.4983583533644071
hbt_bcs_-40c_2.25v,hbt_bcs,-40.0,2.25,17700000000.0,1,1.4,0.16608708422222218,44.18854626507936,2.4249738533665077,2.786497317460317,0.86,0.000175549331,0.3039882237661373,0.29404858537955253,21.02608965589159,1488.2771141744493,2050.9261221935885,153.38785073623404,6.096339082634943,15.816402812993678,MSG,0.09350389103708483,0.9970563269435726,250583921127.1005,0.2458071360923027,2.7901033874,,37.51215215714285,601170023856.5751,,0.07428252332170518,2.1960117762338625
hbt_bcs_-40c_2.25v,hbt_bcs,-40.0,2.25,19450000000.0,1,1.4,0.16608708422222218,44.18854626507936,2.4249738533665077,4.221376394126983,0.87,0.00026594671283,0.32722203249099324,0.31655004409728077,22.694470239586817,1456.0856670870364,1748.5936662211977,135.83176564711374,5.705221177423214,16.758191211855575,MSG,0.09933809441640709,0.9957813688552705,324367140968.82135,0.3723891830719845,4.2262124569,,37.51215215714285,601170023856.5751,,0.11253356982673607,2.1727779675090066
hbt_bcs_-40c_2.25v,hbt_bcs,-40.0,2.25,21200000000.0,1,1.4,0.16608708422222218,44.18854626507936,2.4249738533665077,4.221376394126983,0.87,0.00026594671283,0.3507689214256211,0.3393585761445541,24.39446389908271,1332.3365309616495,1623.6025150876424,135.80735960426853,5.705176162577292,16.38442288504166,MSG,0.10807601808954599,0.9950995550759953,324367140968.82135,0.3723891830719845,4.2262124569,,37.51215215714285,601170023856.5751,,0.11253356982673607,2.149231078574379
hbt_bcs_-40c_2.50v,hbt_bcs,-40.0,2.5,17700000000.0,1,1.4,0.16608708422222218,44.18854626507936,2.4249738533665077,2.786497317460317,0.86,0.000175549331,0.3039882237661373,0.29404858537955253,21.02608965589159,1488.2771141744493,2050.9261221935885,153.38785073623404,6.096339082634943,15.816402812993678,MSG,0.09350389103708483,0.9970563269435726,250583921127.1005,0.2458071360923027,2.7901033874,,37.51215215714285,601170023856.5751,,0.07428252332170518,2.1960117762338625
hbt_bcs_-40c_2.50v,hbt_bcs,-40.0,2.5,19450000000.0,1,1.4,0.16608708422222218,44.18854626507936,2.4249738533665077,4.221376394126983,0.87,0.00026594671283,0.32722203249099324,0.31655004409728077,22.694470239586817,1456.0856670870364,1748.5936662211977,135.83176564711374,5.705221177423214,16.758191211855575,MSG,0.09933809441640709,0.9957813688552705,324367140968.82135,0.3723891830719845,4.2262124569,,37.51215215714285,601170023856.5751,,0.11253356982673607,2.1727779675090066
hbt_bcs_-40c_2.50v,hbt_bcs,-40.0,2.5,21200000000.0,1,1.4,0.16608708422222218,44.18854626507936,2.4249738533665077,4.221376394126983,0.87,0.00026594671283,0.3507689214256211,0.3393585761445541,24.39446389908271,1332.3365309616495,1623.6025150876424,135.80735960426853,5.705176162577292,16.38442288504166,MSG,0.10807601808954599,0.9950995550759953,324367140968.82135,0.3723891830719845,4.2262124569,,37.51215215714285,601170023856.5751,,0.11253356982673607,2.149231078574379
hbt_bcs_-40c_2.75v,hbt_bcs,-40.0,2.75,17700000000.0,1,1.4,0.16608708422222218,44.18854626507936,2.4249738533665077,2.786497317460317,0.86,0.000175549331,0.3039882237661373,0.29404858537955253,21.02608965589159,1488.2771141744493,2050.9261221935885,153.38785073623404,6.096339082634943,15.816402812993678,MSG,0.09350389103708483,0.9970563269435726,250583921127.1005,0.2458071360923027,2.7901033874,,37.51215215714285,601170023856.5751,,0.07428252332170518,2.1960117762338625
hbt_bcs_-40c_2.75v,hbt_bcs,-40.0,2.75,19450000000.0,1,1.4,0.16608708422222218,44.18854626507936,2.4249738533665077,4.221376394126983,0.87,0.00026594671283,0.32722203249099324,0.31655004409728077,22.694470239586817,1456.0856670870364,1748.5936662211977,135.83176564711374,5.705221177423214,16.758191211855575,MSG,0.09933809441640709,0.9957813688552705,324367140968.82135,0.3723891830719845,4.2262124569,,37.51215215714285,601170023856.5751,,0.11253356982673607,2.1727779675090066
hbt_bcs_-40c_2.75v,hbt_bcs,-40.0,2.75,21200000000.0,1,1.4,0.16608708422222218,44.18854626507936,2.4249738533665077,4.221376394126983,0.87,0.00026594671283,0.3507689214256211,0.3393585761445541,24.39446389908271,1332.3365309616495,1623.6025150876424,135.80735960426853,5.705176162577292,16.38442288504166,MSG,0.10807601808954599,0.9950995550759953,324367140968.82135,0.3723891830719845,4.2262124569,,37.51215215714285,601170023856.5751,,0.11253356982673607,2.149231078574379
hbt_bcs_27c_2.25v,hbt_bcs,27.0,2.25,17700000000.0,1,1.4,0.22921806179365076,41.32367978730157,2.2559501516535856,2.9129320430158723,0.8,0.00018351471871,0.44093217804091694,0.42673018488166237,30.98978782618536,1396.8789426141843,1947.683808636981,213.93574187951992,7.229154378599007,15.0298190839533,MSG,0.10445176363781516,0.9967721941461346,204271438115.38663,0.256993773629056,2.9175084021,,41.32367978730157,515144461661.1044,upper,0.07049062566569864,2.0590678219590832
hbt_bcs_27c_2.25v,hbt_bcs,27.0,2.25,19450000000.0,1,1.4,0.22921806179365076,41.32367978730157,2.2559501516535856,4.058772625714285,0.81,0.00025570267542,0.472662100570282,0.45749096719939886,33.34355433018426,1349.7872348425187,1672.7957517276748,190.76643123466525,6.83130644409196,15.76505125852763,MSG,0.11090498043598736,0.9955179236103874,253029705733.6593,0.35809467490315794,4.0656231091,,41.32367978730157,515144461661.1044,upper,0.09821905131888842,2.027337899429718
hbt_bcs_27c_2.25v,hbt_bcs,27.0,2.25,21200000000.0,1,1.4,0.22921806179365076,41.32367978730157,2.2559501516535856,4.058772625714285,0.81,0.00025570267542,0.5047831183586761,0.4886378670521771,35.743913525068464,1233.7963453595644,1555.8655220393498,190.7184186497559,6.831108603069285,15.391561897222221,MSG,0.12055825027165606,0.9948240706629666,253029705733.6593,0.35809467490315794,4.0656231091,,41.32367978730157,515144461661.1044,upper,0.09821905131888842,1.995216881641324
hbt_bcs_27c_2.50v,hbt_bcs,27.0,2.5,17700000000.0,1,1.4,0.22921806179365076,41.32367978730157,2.2559501516535856,2.9129320430158723,0.8,0.00018351471871,0.44093217804091694,0.42673018488166237,30.98978782618536,1396.8789426141843,1947.683808636981,213.93574187951992,7.229154378599007,15.0298190839533,MSG,0.10445176363781516,0.9967721941461346,204271438115.38663,0.256993773629056,2.9175084021,,41.32367978730157,515144461661.1044,upper,0.07049062566569864,2.0590678219590832
hbt_bcs_27c_2.50v,hbt_bcs,27.0,2.5,19450000000.0,1,1.4,0.22921806179365076,41.32367978730157,2.2559501516535856,4.058772625714285,0.81,0.00025570267542,0.472662100570282,0.45749096719939886,33.34355433018426,1349.7872348425187,1672.7957517276748,190.76643123466525,6.83130644409196,15.76505125852763,MSG,0.11090498043598736,0.9955179236103874,253029705733.6593,0.35809467490315794,4.0656231091,,41.32367978730157,515144461661.1044,upper,0.09821905131888842,2.027337899429718
hbt_bcs_27c_2.50v,hbt_bcs,27.0,2.5,21200000000.0,1,1.4,0.22921806179365076,41.32367978730157,2.2559501516535856,4.058772625714285,0.81,0.00025570267542,0.5047831183586761,0.4886378670521771,35.743913525068464,1233.7963453595644,1555.8655220393498,190.7184186497559,6.831108603069285,15.391561897222221,MSG,0.12055825027165606,0.9948240706629666,253029705733.6593,0.35809467490315794,4.0656231091,,41.32367978730157,515144461661.1044,upper,0.09821905131888842,1.995216881641324
hbt_bcs_27c_2.75v,hbt_bcs,27.0,2.75,17700000000.0,1,1.4,0.22921806179365076,41.32367978730157,2.2559501516535856,2.9129320430158723,0.8,0.00018351471871,0.44093217804091694,0.42673018488166237,30.98978782618536,1396.8789426141843,1947.683808636981,213.93574187951992,7.229154378599007,15.0298190839533,MSG,0.10445176363781516,0.9967721941461346,204271438115.38663,0.256993773629056,2.9175084021,,41.32367978730157,515144461661.1044,upper,0.07049062566569864,2.0590678219590832
hbt_bcs_27c_2.75v,hbt_bcs,27.0,2.75,19450000000.0,1,1.4,0.22921806179365076,41.32367978730157,2.2559501516535856,4.058772625714285,0.81,0.00025570267542,0.472662100570282,0.45749096719939886,33.34355433018426,1349.7872348425187,1672.7957517276748,190.76643123466525,6.83130644409196,15.76505125852763,MSG,0.11090498043598736,0.9955179236103874,253029705733.6593,0.35809467490315794,4.0656231091,,41.32367978730157,515144461661.1044,upper,0.09821905131888842,2.027337899429718
hbt_bcs_27c_2.75v,hbt_bcs,27.0,2.75,21200000000.0,1,1.4,0.22921806179365076,41.32367978730157,2.2559501516535856,4.058772625714285,0.81,0.00025570267542,0.5047831183586761,0.4886378670521771,35.743913525068464,1233.7963453595644,1555.8655220393498,190.7184186497559,6.831108603069285,15.391561897222221,MSG,0.12055825027165606,0.9948240706629666,253029705733.6593,0.35809467490315794,4.0656231091,,41.32367978730157,515144461661.1044,upper,0.09821905131888842,1.995216881641324
hbt_bcs_125c_2.25v,hbt_bcs,125.0,2.25,17700000000.0,1,1.4,0.7093555439523808,42.81547659206348,1.7807368153452072,3.502621035873015,0.71,0.00022066512526,0.6629321861420902,0.6420914348854523,47.82455745090572,1339.8807502867458,1823.5972083667293,303.8492127545743,8.50394670296194,14.555511823997563,MSG,0.11921756776258156,0.9961496309027718,176825897229.435,0.3090494298163996,3.5082844903,,42.81547659206348,426572236475.2327,upper,0.08180735833552022,1.8370678138579097
hbt_bcs_125c_2.25v,hbt_bcs,125.0,2.25,19450000000.0,1,1.4,0.7093555439523808,42.81547659206348,1.7807368153452072,3.502621035873015,0.71,0.00022066512526,0.7097137864894155,0.6875155831255064,51.48322677747455,1211.510132833105,1684.417088479709,303.72576623489897,8.503191170746017,14.147312023548558,MSG,0.1301686608619972,0.9955316822051611,176825897229.435,0.3090494298163996,3.5082844903,,42.81547659206348,426572236475.2327,upper,0.08180735833552022,1.7902862135105844
hbt_bcs_125c_2.25v,hbt_bcs,125.0,2.25,21200000000.0,1,1.4,0.7093555439523808,42.81547659206348,1.7807368153452072,3.502621035873015,0.71,0.00022066512526,0.7570414955524916,0.733484367694091,55.22492779717005,1105.6253912231616,1563.2387473118288,303.58847747853144,8.50233625051523,13.774529923964263,MSG,0.14117404131504188,0.994861608387535,176825897229.435,0.3090494298163996,3.5082844903,,42.81547659206348,426572236475.2327,upper,0.08180735833552022,1.7429585044475084
hbt_bcs_125c_2.50v,hbt_bcs,125.0,2.5,17700000000.0,1,1.4,0.7093555439523808,42.81547659206348,1.7807368153452072,3.502621035873015,0.71,0.00022066512526,0.6629321861420902,0.6420914348854523,47.82455745090572,1339.8807502867458,1823.5972083667293,303.8492127545743,8.50394670296194,14.555511823997563,MSG,0.11921756776258156,0.9961496309027718,176825897229.435,0.3090494298163996,3.5082844903,,42.81547659206348,426572236475.2327,upper,0.08180735833552022,1.8370678138579097
hbt_bcs_125c_2.50v,hbt_bcs,125.0,2.5,19450000000.0,1,1.4,0.7093555439523808,42.81547659206348,1.7807368153452072,3.502621035873015,0.71,0.00022066512526,0.7097137864894155,0.6875155831255064,51.48322677747455,1211.510132833105,1684.417088479709,303.72576623489897,8.503191170746017,14.147312023548558,MSG,0.1301686608619972,0.9955316822051611,176825897229.435,0.3090494298163996,3.5082844903,,42.81547659206348,426572236475.2327,upper,0.08180735833552022,1.7902862135105844
hbt_bcs_125c_2.50v,hbt_bcs,125.0,2.5,21200000000.0,1,1.4,0.7093555439523808,42.81547659206348,1.7807368153452072,3.502621035873015,0.71,0.00022066512526,0.7570414955524916,0.733484367694091,55.22492779717005,1105.6253912231616,1563.2387473118288,303.58847747853144,8.50233625051523,13.774529923964263,MSG,0.14117404131504188,0.994861608387535,176825897229.435,0.3090494298163996,3.5082844903,,42.81547659206348,426572236475.2327,upper,0.08180735833552022,1.7429585044475084
hbt_bcs_125c_2.75v,hbt_bcs,125.0,2.75,17700000000.0,1,1.4,0.7093555439523808,42.81547659206348,1.7807368153452072,3.502621035873015,0.71,0.00022066512526,0.6629321861420902,0.6420914348854523,47.82455745090572,1339.8807502867458,1823.5972083667293,303.8492127545743,8.50394670296194,14.555511823997563,MSG,0.11921756776258156,0.9961496309027718,176825897229.435,0.3090494298163996,3.5082844903,,42.81547659206348,426572236475.2327,upper,0.08180735833552022,1.8370678138579097
hbt_bcs_125c_2.75v,hbt_bcs,125.0,2.75,19450000000.0,1,1.4,0.7093555439523808,42.81547659206348,1.7807368153452072,3.502621035873015,0.71,0.00022066512526,0.7097137864894155,0.6875155831255064,51.48322677747455,1211.510132833105,1684.417088479709,303.72576623489897,8.503191170746017,14.147312023548558,MSG,0.1301686608619972,0.9955316822051611,176825897229.435,0.3090494298163996,3.5082844903,,42.81547659206348,426572236475.2327,upper,0.08180735833552022,1.7902862135105844
hbt_bcs_125c_2.75v,hbt_bcs,125.0,2.75,21200000000.0,1,1.4,0.7093555439523808,42.81547659206348,1.7807368153452072,3.502621035873015,0.71,0.00022066512526,0.7570414955524916,0.733484367694091,55.22492779717005,1105.6253912231616,1563.2387473118288,303.58847747853144,8.50233625051523,13.774529923964263,MSG,0.14117404131504188,0.994861608387535,176825897229.435,0.3090494298163996,3.5082844903,,42.81547659206348,426572236475.2327,upper,0.08180735833552022,1.7429585044475084
hbt_wcs_-40c_2.25v,hbt_wcs,-40.0,2.25,17700000000.0,1,1.4,0.25615376660317457,22.673928241269834,1.9470260215164945,3.4787012085714277,0.88,0.00021915817614,0.5473785070370429,0.5299522162485492,38.95451273198811,1503.8268781205843,1631.176668396638,212.40920190647688,7.2056472503571065,15.241095221389278,MSG,0.1485663311137783,0.9933166016457567,212535058806.97513,0.3070372488149928,3.4857426573,,22.673928241269834,401501582356.7031,upper,0.15342296101297911,1.952621492962957
hbt_wcs_-40c_2.25v,hbt_wcs,-40.0,2.25,19450000000.0,1,1.4,0.25615376660317457,22.673928241269834,1.9470260215164945,3.4787012085714277,0.88,0.00021915817614,0.5851318384977595,0.5665802751787503,41.826588232520756,1365.8483117660896,1516.1960556378037,212.31501477377736,7.2047624150624525,14.832506414756843,MSG,0.1630528219574318,0.9921760780851547,212535058806.97513,0.3070372488149928,3.4857426573,,22.673928241269834,401501582356.7031,upper,0.15342296101297911,1.9148681615022405
hbt_wcs_-40c_2.25v,hbt_wcs,-40.0,2.25,21200000000.0,1,1.4,0.25615376660317457,22.673928241269834,1.9470260215164945,3.4787012085714277,0.88,0.00021915817614,0.623430550479538,0.6037471162474299,44.76577634065589,1250.776648851874,1414.0955801350563,212.21107723229395,7.203778724837111,14.459301910727,MSG,0.17753653551218593,0.9909396997077162,212535058806.97513,0.3070372488149928,3.4857426573,,22.673928241269834,401501582356.7031,upper,0.15342296101297911,1.8765694495204621
hbt_wcs_-40c_2.50v,hbt_wcs,-40.0,2.5,17700000000.0,1,1.4,0.25615376660317457,22.673928241269834,1.9470260215164945,3.4787012085714277,0.88,0.00021915817614,0.5473785070370429,0.5299522162485492,38.95451273198811,1503.8268781205843,1631.176668396638,212.40920190647688,7.2056472503571065,15.241095221389278,MSG,0.1485663311137783,0.9933166016457567,212535058806.97513,0.3070372488149928,3.4857426573,,22.673928241269834,401501582356.7031,upper,0.15342296101297911,1.952621492962957
hbt_wcs_-40c_2.50v,hbt_wcs,-40.0,2.5,19450000000.0,1,1.4,0.25615376660317457,22.673928241269834,1.9470260215164945,3.4787012085714277,0.88,0.00021915817614,0.5851318384977595,0.5665802751787503,41.826588232520756,1365.8483117660896,1516.1960556378037,212.31501477377736,7.2047624150624525,14.832506414756843,MSG,0.1630528219574318,0.9921760780851547,212535058806.97513,0.3070372488149928,3.4857426573,,22.673928241269834,401501582356.7031,upper,0.15342296101297911,1.9148681615022405
hbt_wcs_-40c_2.50v,hbt_wcs,-40.0,2.5,21200000000.0,1,1.4,0.25615376660317457,22.673928241269834,1.9470260215164945,3.4787012085714277,0.88,0.00021915817614,0.623430550479538,0.6037471162474299,44.76577634065589,1250.776648851874,1414.0955801350563,212.21107723229395,7.203778724837111,14.459301910727,MSG,0.17753653551218593,0.9909396997077162,212535058806.97513,0.3070372488149928,3.4857426573,,22.673928241269834,401501582356.7031,upper,0.15342296101297911,1.8765694495204621
hbt_wcs_-40c_2.75v,hbt_wcs,-40.0,2.75,17700000000.0,1,1.4,0.25615376660317457,22.673928241269834,1.9470260215164945,3.4787012085714277,0.88,0.00021915817614,0.5473785070370429,0.5299522162485492,38.95451273198811,1503.8268781205843,1631.176668396638,212.40920190647688,7.2056472503571065,15.241095221389278,MSG,0.1485663311137783,0.9933166016457567,212535058806.97513,0.3070372488149928,3.4857426573,,22.673928241269834,401501582356.7031,upper,0.15342296101297911,1.952621492962957
hbt_wcs_-40c_2.75v,hbt_wcs,-40.0,2.75,19450000000.0,1,1.4,0.25615376660317457,22.673928241269834,1.9470260215164945,3.4787012085714277,0.88,0.00021915817614,0.5851318384977595,0.5665802751787503,41.826588232520756,1365.8483117660896,1516.1960556378037,212.31501477377736,7.2047624150624525,14.832506414756843,MSG,0.1630528219574318,0.9921760780851547,212535058806.97513,0.3070372488149928,3.4857426573,,22.673928241269834,401501582356.7031,upper,0.15342296101297911,1.9148681615022405
hbt_wcs_-40c_2.75v,hbt_wcs,-40.0,2.75,21200000000.0,1,1.4,0.25615376660317457,22.673928241269834,1.9470260215164945,3.4787012085714277,0.88,0.00021915817614,0.623430550479538,0.6037471162474299,44.76577634065589,1250.776648851874,1414.0955801350563,212.21107723229395,7.203778724837111,14.459301910727,MSG,0.17753653551218593,0.9909396997077162,212535058806.97513,0.3070372488149928,3.4857426573,,22.673928241269834,401501582356.7031,upper,0.15342296101297911,1.8765694495204621
hbt_wcs_27c_2.25v,hbt_wcs,27.0,2.25,17700000000.0,1,1.4,0.2828989871904761,39.37019863492063,2.143536213309044,3.183168489206348,0.82,0.00020053961482,0.7799878754618879,0.7557770463642505,57.05378518060098,1371.4230882781662,1517.7692339376279,286.4241321387101,8.28719897841583,14.194151396247989,MSG,0.16722354818881438,0.9925880195631144,161046217166.9199,0.2811033274151862,3.1911256383,,39.37019863492063,357326158169.7033,upper,0.08085223340435314,1.7200121245381121
hbt_wcs_27c_2.25v,hbt_wcs,27.0,2.25,19450000000.0,1,1.4,0.2828989871904761,39.37019863492063,2.143536213309044,3.183168489206348,0.82,0.00020053961482,0.8304425011978654,0.804806058044113,61.10923130955296,1244.7289582453288,1413.2141393699278,286.25011938227436,8.285867582489102,13.786218438173155,MSG,0.18345500875228446,0.9913891226176417,161046217166.9199,0.2811033274151862,3.1911256383,,39.37019863492063,357326158169.7033,upper,0.08085223340435314,1.6695574988021344
hbt_wcs_27c_2.25v,hbt_wcs,27.0,2.25,21200000000.0,1,1.4,0.4089542357142856,39.37019863492063,1.9834928952225033,3.183168489206348,0.82,0.00020053961482,0.88162710600296,0.8545607774919123,65.27177720452532,1139.1608744149837,1319.8380072255197,286.0579136190138,8.284385642067539,13.41373050890258,MSG,0.19968642249264654,0.9900896812618143,161046217166.9199,0.2811033274151862,3.1911256383,,39.37019863492063,357326158169.7033,upper,0.08085223340435314,1.6183728939970399
hbt_wcs_27c_2.50v,hbt_wcs,27.0,2.5,17700000000.0,1,1.4,0.2828989871904761,39.37019863492063,2.143536213309044,3.183168489206348,0.82,0.00020053961482,0.7799878754618879,0.7557770463642505,57.05378518060098,1371.4230882781662,1517.7692339376279,286.4241321387101,8.28719897841583,14.194151396247989,MSG,0.16722354818881438,0.9925880195631144,161046217166.9199,0.2811033274151862,3.1911256383,,39.37019863492063,357326158169.7033,upper,0.08085223340435314,1.7200121245381121
hbt_wcs_27c_2.50v,hbt_wcs,27.0,2.5,19450000000.0,1,1.4,0.2828989871904761,39.37019863492063,2.143536213309044,3.183168489206348,0.82,0.00020053961482,0.8304425011978654,0.804806058044113,61.10923130955296,1244.7289582453288,1413.2141393699278,286.25011938227436,8.285867582489102,13.786218438173155,MSG,0.18345500875228446,0.9913891226176417,161046217166.9199,0.2811033274151862,3.1911256383,,39.37019863492063,357326158169.7033,upper,0.08085223340435314,1.6695574988021344
hbt_wcs_27c_2.50v,hbt_wcs,27.0,2.5,21200000000.0,1,1.4,0.4089542357142856,39.37019863492063,1.9834928952225033,3.183168489206348,0.82,0.00020053961482,0.88162710600296,0.8545607774919123,65.27177720452532,1139.1608744149837,1319.8380072255197,286.0579136190138,8.284385642067539,13.41373050890258,MSG,0.19968642249264654,0.9900896812618143,161046217166.9199,0.2811033274151862,3.1911256383,,39.37019863492063,357326158169.7033,upper,0.08085223340435314,1.6183728939970399
hbt_wcs_27c_2.75v,hbt_wcs,27.0,2.75,17700000000.0,1,1.4,0.2828989871904761,39.37019863492063,2.143536213309044,3.183168489206348,0.82,0.00020053961482,0.7799878754618879,0.7557770463642505,57.05378518060098,1371.4230882781662,1517.7692339376279,286.4241321387101,8.28719897841583,14.194151396247989,MSG,0.16722354818881438,0.9925880195631144,161046217166.9199,0.2811033274151862,3.1911256383,,39.37019863492063,357326158169.7033,upper,0.08085223340435314,1.7200121245381121
hbt_wcs_27c_2.75v,hbt_wcs,27.0,2.75,19450000000.0,1,1.4,0.2828989871904761,39.37019863492063,2.143536213309044,3.183168489206348,0.82,0.00020053961482,0.8304425011978654,0.804806058044113,61.10923130955296,1244.7289582453288,1413.2141393699278,286.25011938227436,8.285867582489102,13.786218438173155,MSG,0.18345500875228446,0.9913891226176417,161046217166.9199,0.2811033274151862,3.1911256383,,39.37019863492063,357326158169.7033,upper,0.08085223340435314,1.6695574988021344
hbt_wcs_27c_2.75v,hbt_wcs,27.0,2.75,21200000000.0,1,1.4,0.4089542357142856,39.37019863492063,1.9834928952225033,3.183168489206348,0.82,0.00020053961482,0.88162710600296,0.8545607774919123,65.27177720452532,1139.1608744149837,1319.8380072255197,286.0579136190138,8.284385642067539,13.41373050890258,MSG,0.19968642249264654,0.9900896812618143,161046217166.9199,0.2811033274151862,3.1911256383,,39.37019863492063,357326158169.7033,upper,0.08085223340435314,1.6183728939970399
hbt_wcs_125c_2.25v,hbt_wcs,125.0,2.25,17700000000.0,1,1.4,0.41544260552380946,47.25477185079364,2.0559346373517626,2.612337368571428,0.72,0.00016457725422,1.1485149106395367,1.114252700078542,87.78915697262507,1201.6171624731205,1502.8304957854034,439.19723137627045,9.915616594228702,12.483522270186793,MSG,0.19721650224750553,0.9923489830626089,107980394513.08684,0.2308137913863072,2.6201652752,,39.78370121269841,300282245191.8548,,0.0656635076411042,1.3514850893604633
hbt_wcs_125c_2.25v,hbt_wcs,125.0,2.25,19450000000.0,1,1.4,0.41544260552380946,47.25477185079364,2.0559346373517626,3.32074009095238,0.73,0.00020920662573,1.217793434379053,1.1817326359732512,93.86396185390407,1145.3227072758327,1320.8170499644643,404.62661913080194,9.599766670878832,12.907958485905485,MSG,0.20987732878204274,0.9901124482020791,127574180531.95274,0.2934273836463965,3.3309454222,,39.78370121269841,300282245191.8548,,0.08346986302753664,1.282206565620947
hbt_wcs_125c_2.25v,hbt_wcs,125.0,2.25,21200000000.0,1,1.4,0.41544260552380946,47.25477185079364,2.0559346373517626,3.32074009095238,0.73,0.00020920662573,1.2874703952377529,1.2496286396218454,100.07223384281032,1047.6438889146557,1235.3844934247688,404.28258506660194,9.59786815085168,12.536334945829687,MSG,0.22819280135777362,0.9886929093668829,127574180531.95274,0.2934273836463965,3.3309454222,,39.78370121269841,300282245191.8548,,0.08346986302753664,1.2125296047622471
hbt_wcs_125c_2.50v,hbt_wcs,125.0,2.5,17700000000.0,1,1.4,0.41544260552380946,47.25477185079364,2.0559346373517626,2.612337368571428,0.72,0.00016457725422,1.1485149106395367,1.114252700078542,87.78915697262507,1201.6171624731205,1502.8304957854034,439.19723137627045,9.915616594228702,12.483522270186793,MSG,0.19721650224750553,0.9923489830626089,107980394513.08684,0.2308137913863072,2.6201652752,,39.78370121269841,300282245191.8548,,0.0656635076411042,1.3514850893604633
hbt_wcs_125c_2.50v,hbt_wcs,125.0,2.5,19450000000.0,1,1.4,0.41544260552380946,47.25477185079364,2.0559346373517626,3.32074009095238,0.73,0.00020920662573,1.217793434379053,1.1817326359732512,93.86396185390407,1145.3227072758327,1320.8170499644643,404.62661913080194,9.599766670878832,12.907958485905485,MSG,0.20987732878204274,0.9901124482020791,127574180531.95274,0.2934273836463965,3.3309454222,,39.78370121269841,300282245191.8548,,0.08346986302753664,1.282206565620947
hbt_wcs_125c_2.50v,hbt_wcs,125.0,2.5,21200000000.0,1,1.4,0.41544260552380946,47.25477185079364,2.0559346373517626,3.32074009095238,0.73,0.00020920662573,1.2874703952377529,1.2496286396218454,100.07223384281032,1047.6438889146557,1235.3844934247688,404.28258506660194,9.59786815085168,12.536334945829687,MSG,0.22819280135777362,0.9886929093668829,127574180531.95274,0.2934273836463965,3.3309454222,,39.78370121269841,300282245191.8548,,0.08346986302753664,1.2125296047622471
hbt_wcs_125c_2.75v,hbt_wcs,125.0,2.75,17700000000.0,1,1.4,0.41544260552380946,47.25477185079364,2.0559346373517626,2.612337368571428,0.72,0.00016457725422,1.1485149106395367,1.114252700078542,87.78915697262507,1201.6171624731205,1502.8304957854034,439.19723137627045,9.915616594228702,12.483522270186793,MSG,0.19721650224750553,0.9923489830626089,107980394513.08684,0.2308137913863072,2.6201652752,,39.78370121269841,300282245191.8548,,0.0656635076411042,1.3514850893604633
hbt_wcs_125c_2.75v,hbt_wcs,125.0,2.75,19450000000.0,1,1.4,0.41544260552380946,47.25477185079364,2.0559346373517626,3.32074009095238,0.73,0.00020920662573,1.217793434379053,1.1817326359732512,93.86396185390407,1145.3227072758327,1320.8170499644643,404.62661913080194,9.599766670878832,12.907958485905485,MSG,0.20987732878204274,0.9901124482020791,127574180531.95274,0.2934273836463965,3.3309454222,,39.78370121269841,300282245191.8548,,0.08346986302753664,1.282206565620947
hbt_wcs_125c_2.75v,hbt_wcs,125.0,2.75,21200000000.0,1,1.4,0.41544260552380946,47.25477185079364,2.0559346373517626,3.32074009095238,0.73,0.00020920662573,1.2874703952377529,1.2496286396218454,100.07223384281032,1047.6438889146557,1235.3844934247688,404.28258506660194,9.59786815085168,12.536334945829687,MSG,0.22819280135777362,0.9886929093668829,127574180531.95274,0.2934273836463965,3.3309454222,,39.78370121269841,300282245191.8548,,0.08346986302753664,1.2125296047622471
